file,model,input_len,max_num_seqs,elapsed_time,num_requests,total_num_tokens,requests_per_second,tokens_per_second
Qwen-Qwen3.5-9B_in512_seq2.json,Qwen-Qwen3.5-9B,512,2,25.135211709000032,128,69632,5.092457604173181,2770.2969366702105
Qwen-Qwen3.5-9B_in512_seq8.json,Qwen-Qwen3.5-9B,512,8,7.831229950000079,128,69632,16.3448143927888,8891.579029677107
Qwen-Qwen3.5-9B_in512_seq32.json,Qwen-Qwen3.5-9B,512,32,3.323674143000062,128,69632,38.51159725437549,20950.308906380265
Qwen-Qwen3.5-9B_in2048_seq2.json,Qwen-Qwen3.5-9B,2048,2,26.1294375399998,128,266240,4.898689449554871,10189.274055074133
Qwen-Qwen3.5-9B_in2048_seq8.json,Qwen-Qwen3.5-9B,2048,8,11.56202406300008,128,266240,11.070725964808876,23027.11000680246
Qwen-Qwen3.5-9B_in2048_seq32.json,Qwen-Qwen3.5-9B,2048,32,8.578057920999981,128,266240,14.921792459181539,31037.328315097602
Qwen-Qwen3.5-9B_in8192_seq2.json,Qwen-Qwen3.5-9B,8192,2,45.665457643999616,128,1052672,2.8029939171499585,23051.821974641258
Qwen-Qwen3.5-9B_in8192_seq8.json,Qwen-Qwen3.5-9B,8192,8,31.29794972400032,128,1052672,4.089724762444912,33633.89644634695
Qwen-Qwen3.5-9B_in8192_seq32.json,Qwen-Qwen3.5-9B,8192,32,27.911907933999828,128,1052672,4.58585634141053,37714.0825517602
