file,model,input_len,max_num_seqs,elapsed_time,num_requests,total_num_tokens,requests_per_second,tokens_per_second
zai-org-GLM-4.7-Flash_in512_seq2.json,zai-org-GLM-4.7-Flash,512,2,25.833085292000078,128,69632,4.954886284513554,2695.4581387753733
zai-org-GLM-4.7-Flash_in512_seq8.json,zai-org-GLM-4.7-Flash,512,8,9.649080507000008,128,69632,13.265512699074415,7216.438908296482
zai-org-GLM-4.7-Flash_in512_seq32.json,zai-org-GLM-4.7-Flash,512,32,4.8760121510003955,128,69632,26.250960013243333,14280.522247204373
zai-org-GLM-4.7-Flash_in2048_seq2.json,zai-org-GLM-4.7-Flash,2048,2,27.39446920699993,128,266240,4.672476003561076,9718.75008740704
zai-org-GLM-4.7-Flash_in2048_seq8.json,zai-org-GLM-4.7-Flash,2048,8,12.846889761000057,128,266240,9.96350107934887,20724.082245045647
zai-org-GLM-4.7-Flash_in2048_seq32.json,zai-org-GLM-4.7-Flash,2048,32,8.651058619000196,128,266240,14.79587708709723,30775.424341162237
zai-org-GLM-4.7-Flash_in8192_seq2.json,zai-org-GLM-4.7-Flash,8192,2,43.84513701800006,128,1052672,2.9193659480970773,24008.865557150362
zai-org-GLM-4.7-Flash_in8192_seq8.json,zai-org-GLM-4.7-Flash,8192,8,32.704591533999974,128,1052672,3.9138235335222,32187.284739686573
zai-org-GLM-4.7-Flash_in8192_seq32.json,zai-org-GLM-4.7-Flash,8192,32,28.389508897999804,128,1052672,4.508707792723329,37079.612887356656
