{
    "elapsed_time": 45.665457643999616,
    "num_requests": 128,
    "total_num_tokens": 1052672,
    "requests_per_second": 2.8029939171499585,
    "tokens_per_second": 23051.821974641258
}