{
    "elapsed_time": 8.578057920999981,
    "num_requests": 128,
    "total_num_tokens": 266240,
    "requests_per_second": 14.921792459181539,
    "tokens_per_second": 31037.328315097602
}