{
    "elapsed_time": 7.831229950000079,
    "num_requests": 128,
    "total_num_tokens": 69632,
    "requests_per_second": 16.3448143927888,
    "tokens_per_second": 8891.579029677107
}