{
    "elapsed_time": 8.651058619000196,
    "num_requests": 128,
    "total_num_tokens": 266240,
    "requests_per_second": 14.79587708709723,
    "tokens_per_second": 30775.424341162237
}